{
  "name": "Anisha Giri",
  "position": "Senior Marketing Manager",
  "requests": [
    "Marketing Essentials",
    "A third item",
    "Administration Default Access",
    "On-site Extra Access"
  ],
  "groups":[
    "Innovation Junction",
    "Project Management",
    "All India Employees",
    "Global Tech Team",
    "Marketing Managers",
    "Slack Users",
    "Adobe Creative Cloud"
  ],
  "appsData": [
    {
      "title": "Gmail",
      "image": "gmail.png",
      "type": "requested"
    },
    {
      "title": "Drive",
      "image": "drive.png",
      "type": "creative"
    },
    {
      "title": "Zoho",
      "image": "zoho.png",
      "type": "admin"
    },
    {
      "title": "Drive",
      "image": "drive.png"
    },
    {
      "title": "Zoho",
      "image": "zoho.png"
    },
    {
      "title": "Drive",
      "image": "drive.png"
    },
    {
      "title": "Zoho",
      "image": "zoho.png"
    },
    {
      "title": "Drive",
      "image": "drive.png"
    },
    {
      "title": "Zoho",
      "image": "zoho.png"
    },
    {
      "title": "Drive",
      "image": "drive.png"
    },
    {
      "title": "Zoho",
      "image": "zoho.png"
    },
    {
      "title": "Drive",
      "image": "drive.png"
    },
    {
      "title": "Zoho",
      "image": "zoho.png"
    },
    {
      "title": "Drive",
      "image": "drive.png"
    }
  ],
  "cards": [
    {
      "requestName": "Marketing Essentials",
      "requestedBy": "Jon Doe",
      "approvalDate": "06/05/2024",
      "applicationType": "Access Package"
    },
    {
      "requestName": "Another Request",
      "requestedBy": "Jane Doe",
      "approvalDate": "07/05/2024",
      "applicationType": "Group"
    },
    {
      "requestName": "Another Request",
      "requestedBy": "Jane Doe",
      "approvalDate": "07/05/2024",
      "applicationType": "App"
    },
    {
      "requestName": "Another Request",
      "requestedBy": "Jane Doe",
      "approvalDate": "07/05/2024",
      "applicationType": "Access Package"
    },
    {
      "requestName": "Marketing Essentials",
      "requestedBy": "Jon Doe",
      "approvalDate": "06/05/2024",
      "applicationType": "App"
    }
  ],
  "reportees": [
    {
      "id": 1,
      "name": "John Doe",
      "designation": "Software Engineer"
    },
    {
      "id": 2,
      "name": "Jane Smith",
      "designation": "Project Manager"
    },
    {
      "id": 3,
      "name": "Alice Johnson",
      "designation": "UI/UX Designer"
    },
    {
      "id": 3,
      "name": "Alice Johnson",
      "designation": "UI/UX Designer"
    },
    {
      "id": 4,
      "name": "Alice Johnson",
      "designation": "UI/UX Designer"
    },
    {
      "id": 5,
      "name": "Alice Johnson",
      "designation": "UI/UX Designer"
    },
    {
      "id": 6,
      "name": "Alice Johnson",
      "designation": "UI/UX Designer"
    },
    {
      "id": 7,
      "name": "Alice Johnson",
      "designation": "UI/UX Designer"
    },
    {
      "id": 8,
      "name": "Alice Johnson",
      "designation": "UI/UX Designer"
    },
    {
      "id": 9,
      "name": "Alice Johnson",
      "designation": "UI/UX Designer"
    },
    {
      "id": 10,
      "name": "Alice Johnson",
      "designation": "UI/UX Designer"
    },
    {
      "id": 11,
      "name": "Alice Johnson",
      "designation": "UI/UX Designer"
    },
    {
      "id": 12,
      "name": "Alice Johnson",
      "designation": "UI/UX Designer"
    }
  ],
  "approval": {
    "apps": [
      { "id": 1, "name": "Slack", "type": "Assigned" },
      { "id": 2, "name": "Google Suite", "type": "Group" }
    ],
    "groups": [
      { "id": 1, "name": "Slack Users", "type": "Assigned" },
      { "id": 2, "name": "Global Tech Team", "type": "Group" }
    ],
    "accessPackages": [
      { "id": 1, "name": "Marketing Essentials", "type": "Assigned" }
    ]
  },
  "appRequests": [
    {
      "requestedFor": "Aakansha Gill",
      "appName": "Salesforce",
      "requestedOn": "09 / 06 / 24"
    },
    {
      "requestedFor": "Grace Brown",
      "appName": "Zoho",
      "requestedOn": "10 / 06 / 24"
    },
    {
      "requestedFor": "Parima Joshi",
      "appName": "Slack",
      "requestedOn": "09 / 05 / 24"
    },
    {
      "requestedFor": "Rani Patel",
      "appName": "Gmail",
      "requestedOn": "09 / 05 / 24"
    },
    {
      "requestedFor": "Ulysses Adams",
      "appName": "Google Drive",
      "requestedOn": "10 / 06 / 24"
    }
  ],
  "groupRequests": [
    {
      "requestedFor": "Aakansha Gill",
      "appName": "Slack Users",
      "requestedOn": "09 / 06 / 24"
    },
    {
      "requestedFor": "Alaysa Volkov",
      "appName": "Project Management",
      "requestedOn": "10 / 06 / 24"
    },
    {
      "requestedFor": "Alice Adams",
      "appName": "Slack",
      "requestedOn": "09 / 05 / 24"
    },
    {
      "requestedFor": "Rani Patel",
      "appName": "Slack Users",
      "requestedOn": "09 / 05 / 24"
    },
    {
      "requestedFor": "Barkha Desai",
      "appName": "Project Management",
      "requestedOn": "10 / 06 / 24"
    },
    {
      "requestedFor": "Biyu Huang",
      "appName": "APAC Marketing",
      "requestedOn": "10 / 06 / 24"
    },
    {
      "requestedFor": "Cheng Li",
      "appName": "All India Employees",
      "requestedOn": "10 / 06 / 24"
    },
    {
      "requestedFor": "Grace Brown",
      "appName": "APAC Marketing",
      "requestedOn": "10 / 06 / 24"
    },
    {
      "requestedFor": "Harsha Gupta",
      "appName": "Slack Users",
      "requestedOn": "10 / 06 / 24"
    },
    {
      "requestedFor": "Jane Doe",
      "appName": "All India Employees",
      "requestedOn": "10 / 06 / 24"
    },
    {
      "requestedFor": "May Carter",
      "appName": "Project Management",
      "requestedOn": "10 / 06 / 24"
    }
  ],
  "accessPackageRequests":{}
}

